Regressor,Score,Leaderboard
LinearRegression,10.480204012613555,9.728
Lasso,10.832217569817361,10.053
Ridge,10.479156778735717,9.88
RandomForestRegressor,10.420782138312903,9.82
DecisionTreeRegressor,14.79070933219117,14.647
SVR,11.164764625430756,11.931
KNeighborsRegressor,11.169271589901637,12.125
MLPRegressor,10.245024351995788,10.819
Mean,13.091083351348558,11.96
Median,13.977329923485964,12.866
