Regressor,Score,Leaderboard
LinearRegression,10.48524585290295,9.728
Lasso,10.819244677165322,10.053
Ridge,10.483860565434625,9.88
RandomForestRegressor,10.365455364249634,9.82
DecisionTreeRegressor,14.983088654483748,14.647
SVR,11.16127644064561,11.931
KNeighborsRegressor,10.999231655284788,12.125
MLPRegressor,10.340414650063085,10.819
Mean,13.091083351348558,11.96
Median,13.977329923485964,12.866
